2020-01-22,https://weibo.cn/comment/hot/IqE6jdhcb?rl=2,为了自己的生命安全！ 为了全人类的公共安全！ 为了维护大自然的多元生态！ 禁绝野味市场！ 请管好自己的嘴！,944
2020-01-22,https://weibo.cn/comment/hot/IqE6jdhcb?rl=2,但凡不吃什么野味，也不会搞成这样,592
2020-01-22,https://weibo.cn/comment/hot/IqE6jdhcb?rl=2,武汉的市民们乖乖的自我隔离吧，求求您了🙏,416
2020-01-22,https://weibo.cn/comment/hot/IqE6jdhcb?rl=2,这个时候说封城的，呵呵，你知道武汉有多少人吗，封城是然后武汉自己圈地恐慌吓死自己人吗？我身边的多少人准备出去过年，因为这个事说算了，还是在武汉好好呆着吧。我们可以管住自己不出去，难道你们说一句鼓励的话就真的这么难？再说现在不止武汉有，封了一个武汉就真的万事大吉了？搞笑,10
2020-01-22,https://weibo.cn/comment/hot/IqE6jdhcb?rl=2,严控野味市场！！！！！！！,289
2020-01-22,https://weibo.cn/comment/hot/IqE6jdhcb?rl=2,“为众人抱薪者，不可使其冻毙于风雪。” 只希望奋战在前线的医生，平安归来！,254
2020-01-22,https://weibo.cn/comment/hot/IqE6jdhcb?rl=2,地方台播一下严重性吧！我科普给家人好累啊！,284
2020-01-22,https://weibo.cn/comment/hot/IqEsCrowr?rl=2,2月初回大学的研究生学长学姐，还有一些大学的同学们，如果政策2月初来不及落实，学校不通知所以必须返回武汉上课的话，请一定要做好防护措施！N95或者2层医用外科口罩！勤洗手！勤消毒！但是我仍然希望，每个人不管是上班的还是医护人员还是学生，如果必须返回武汉都能平安过年！顺利过完正月！,1927
2020-01-22,https://weibo.cn/comment/hot/IqEsCrowr?rl=2,看着数字不断的增加，再看看周围人的漠视，真的很无奈。早上坐出租，戴口罩，司机还说我们这没有发现呢，干嘛搞得这么紧张？就是因为有那么多不重视不相信的人确诊疑似病例才向全国蔓延。赶上春节人口流动这么大，可就是有人不愿意预防，谁也不知道周围哪个人是潜在病毒携带者，真的很无奈,1514
2020-01-22,https://weibo.cn/comment/hot/IqEsCrowr?rl=2,麻烦都带上口罩！！！,407
2020-01-22,https://weibo.cn/comment/hot/IqEsCrowr?rl=2,呼吁请严格把控口罩价格，打击不良商家特殊时期哄抬物价。当前，企业应该把社会效益置于首位，实现经济效益与社会效益的合理结合！,239
2020-01-22,https://weibo.cn/comment/hot/IqFccfq2k?rl=2,眾志成城，武漢加油！大家認真做好預防措施，出門戴口罩，不要去人多的地方。醫護人員們辛苦了，像你們致敬！願大家健康平安🙏🏻,18368
2020-01-22,https://weibo.cn/comment/hot/IqFccfq2k?rl=2,#致敬疫情前线医护人员#向前线医护人员致敬，你们辛苦了！希望大家健康平安！,16116
2020-01-22,https://weibo.cn/comment/hot/IqFccfq2k?rl=2,#致敬疫情前线医护人员# 辛苦了！做好个人的卫生防护措施，注意防范，保护自己和家人，少去人多的地方。愿所有人一切平安健康！,15394
2020-01-22,https://weibo.cn/comment/hot/IqFccfq2k?rl=2,朋友們 出门戴口罩，勤洗手 咳嗽或打喷嚏时捂住口鼻 避免与呼吸道感染患者密切接触 避免近距离接触野生动物 不要去人多的地方凑热闹！照顾好自己 醫護人員 辛苦了！,10786
2020-01-22,https://weibo.cn/comment/hot/IqFccfq2k?rl=2,#致敬疫情前线医护人员# ！深深致敬！,7247
2020-01-22,https://weibo.cn/comment/hot/IqHv2736b?rl=2,春节不要看电影，不要逛庙会，不要去人多的地方，平安过年。,25782
2020-01-22,https://weibo.cn/comment/hot/IqHv2736b?rl=2,辛苦口罩生产工人作业了……但大批量生产也要注意有效，而不是为了效率却忽视实用性，结果口罩戴了跟没戴一样🙏🙏,25769
2020-01-22,https://weibo.cn/comment/hot/IqHv2736b?rl=2,武汉有市民举报 有疑似感染市民不给确诊无法住院隔离的情况 能确认下真伪么,8597
2020-01-22,https://weibo.cn/comment/hot/IqHv2736b?rl=2,今天，钟南山院士佩带党徽出现在疫情最为严重的武汉医疗一线，这个动人的场景真的让我眼含热泪。84岁的人了，又正值春节来临，他置自己的安危于不顾，一心为了战胜疫情，这就是一个老党员的崇高品质。向敬爱的钟院士致敬，向全国的医护工作者致敬，祝你们过年好！,5750
2020-01-22,https://weibo.cn/comment/hot/IqHv2736b?rl=2,那些号召去影院看电影的明星们，你们太不要脸了，为了票房不管老百姓死活了，太令人失望了,1486
2020-01-22,https://weibo.cn/comment/hot/IqDIp3fZ0?rl=2,强烈建议加强农村偏远地区的宣传，从全国各地返乡的，都很有可能携带病毒，这两天将会是春运的最高峰，农村的人这方面意识比较薄弱，很有可能不知道病毒的可怕，所以请乡村干部们加强病毒的防治措施，加大病毒可怕的宣传力度！,2033
2020-01-22,https://weibo.cn/comment/hot/IqDIp3fZ0?rl=2,武汉真的还不封城吗,1216
2020-01-22,https://weibo.cn/comment/hot/IqDIp3fZ0?rl=2,我是武汉人 很抱歉因为武汉导致各地人民无法欢度新春佳节，生命安全受到威胁仅代表我自己 向各位说抱歉。武汉人民尊重国家的各项决定，最后希望各地人民一起对抗病魔 渡过难关,890
2020-01-22,https://weibo.cn/comment/hot/IqDIp3fZ0?rl=2,刚才看新闻，才327个，上了趟厕所，回来440了，真的好吓人，发展速度太快了，原来基数小，随着确诊患者的增加，新增病历将会越来越多，增速可能也会加快。太可怕了。这个春节就乖乖的带着我的两个娃在家过吧，哪也不去，如果出门必须戴口罩，尽量少去人多的地方！！,513
2020-01-22,https://weibo.cn/comment/hot/IqDIp3fZ0?rl=2,之前十几个医护人员感染的不是超级传播者么,282
2020-01-22,https://weibo.cn/comment/hot/IqDIp3fZ0?rl=2,不是说有一位病人传染了十几位医护人员吗？,118
2020-01-21,https://weibo.cn/comment/hot/IqzgM8eoK?rl=2,现在国家比我们还着急，新病毒感染途径和特征需要时间去研究，我们需要做的是：  1、没有特殊情况，老老实实家里呆着 2、命比过年重要，实在不行就异地过个年 3、不要侥幸，认真按照专家的话做好防御 4、相信我们国家的实力，17年前我们能打败非典，现在更能。,1017
2020-01-21,https://weibo.cn/comment/hot/IqzgM8eoK?rl=2,高校能不能先观望一下政策什么时候落实？不要那么着急把学生都在2月初统一召唤回武汉？希望每个人都能平安过年！顺利过完正月！,939
2020-01-21,https://weibo.cn/comment/hot/IqzgM8eoK?rl=2,复制的。目前爆出来的都是一二线城市，可明明三四线小城市外出返乡、乘铁路的人更多，隐患不是更大吗？想问三四线城市有没有检测措施？,428
2020-01-21,https://weibo.cn/comment/hot/IqyRw4xgS?rl=2,三大运营商你们记得给用户发个提醒短信吧，爸爸妈妈爷爷奶奶不上微博@中国联通 @中国移动 @中国电信,3839
2020-01-22,https://weibo.cn/comment/hot/IqzgM8eoK?rl=2,武汉的真的跑出来一个传染一个，100%和武汉有关系，当初是否防控措施有不到位的地方？,100
2020-01-21,https://weibo.cn/comment/hot/IqyRw4xgS?rl=2,希望外地的人不要对武汉人有什么偏见甚至是抱怨，就像多年前肆虐的非典一样，大家理解共融团结协作才能早日战胜疫情。因为不幸患病的人，不一定就是大家眼中惹事生非的人！武汉加油，湖北加油，大中国加油！,1725
2020-01-21,https://weibo.cn/comment/hot/IqyRw4xgS?rl=2,山林野味就不要向市场的流通吧，不然也不会这么多事呀。还有口罩的价格能不能管管呀  一个口罩近100元了  ，太伤了。   同时让三大通讯运营商 发信息提示提示吧！好多人不玩微博的  特别是年纪大的人。,1176
2020-01-21,https://weibo.cn/comment/hot/IqyRw4xgS?rl=2,奋战在一线医护人员，记者们…一定要平安顺利🙏,475
2020-01-21,https://weibo.cn/comment/hot/IqyRw4xgS?rl=2,三不笑：不笑天灾，不笑人祸，不笑疾病。 三不黑：育人之师，救人之医，护国之军。 武汉挺住!,349
2020-01-21,https://weibo.cn/comment/hot/IqyRw4xgS?rl=2,求求三大运营商你们给你们所有用户发个提醒短信吧，爸爸妈妈爷爷奶奶不上微博@中国联通 @中国移动 @中国电信,33
2020-01-21,https://weibo.cn/comment/hot/IqyRw4xgS?rl=2,拜托国人，拒绝野味，从我做起！,235
2020-01-22,https://weibo.cn/comment/hot/IqztRx6Za?rl=2,能不能通报的时候把地点精确到县啊，我们家就在黄冈农村，我从武汉回来看家乡人都若无其事，咳嗽打喷嚏啥的也无所谓，叫他们要注意安全要去看医生，戴口罩啥的他们都觉得没有那么严重，觉得那些离自己还很远，根本没有意识到到底是什么情况，如果地址精确一点起码当地的人会更在意一些吧。祈求！,2941
2020-01-22,https://weibo.cn/comment/hot/IqztRx6Za?rl=2,奶奶得了癌症晚期，今年可能是我爸陪她过的最后一个年了。本来买好了22号的机票，今早接到通知要原地待命。我爸接到通知的那一刻什么也没说，只让我退了机票。03年非典我爸也在广东非典的一线。我问他，回不去怎么办。他说，这就是医生的职责所在，要不然就不要当医生。 我现在只希望他平安干到退休。,2198
2020-01-22,https://weibo.cn/comment/hot/IqztRx6Za?rl=2,未来一段时间，大量沾满唾液、细菌甚至病毒的一次性口罩将会出现在各个城市的垃圾桶，如果处理这些一次性口罩，也是需要相关部门需要考虑的问题，不要让本应该保护我们健康的口罩成为新的病毒传播物。,1859
2020-01-22,https://weibo.cn/comment/hot/IqztRx6Za?rl=2,医护人员挡在前线，真的辛苦了，他们也有父母，也有孩子。,828
2020-01-22,https://weibo.cn/comment/hot/IqztRx6Za?rl=2,一线医护人员不但辛苦，感染的几率也比我们高。希望大家对他们多一些善意和温暖。,416
2020-01-22,https://weibo.cn/comment/hot/IqztRx6Za?rl=2,不要有河北🙏🙏🙏,187
2020-01-22,https://weibo.cn/comment/hot/IqClWC027?rl=2,三大通讯运营商 发信息提示提示吧！好多人不玩微博的  特别是年纪大的人 我们跟他们说了也没用 根本不听！,24356
2020-01-22,https://weibo.cn/comment/hot/IqClWC027?rl=2,吃野味的原地爆炸吧 太可恨了！！！！！！,18163
2020-01-22,https://weibo.cn/comment/hot/IqClWC027?rl=2,福建！江苏挺住！加油！中国加油！,13263
2020-01-22,https://weibo.cn/comment/hot/IqClWC027?rl=2,昨天看有人说封城，还觉得有点极端，可今天这新闻刷新一下多一个确诊，这传染性太强了，真的适度封城，毕竟是人传人，春运一来一回，病毒扩散更快！,11314
2020-01-22,https://weibo.cn/comment/hot/IqClWC027?rl=2,但愿病魔在三十晚上全部烟消云散无影无踪！,2507
2020-01-22,https://weibo.cn/comment/hot/IqClWC027?rl=2,西安挺住！！！🙏🙏🙏,2167
2020-01-22,https://weibo.cn/comment/hot/IqCssfVUH?rl=2,我现在什么都不恨，就恨那些吃野生动物的逼人，恨我一个堂堂正正的当代人为什么要和这种野蛮人生活在一个世界。 ,1866
2020-01-22,https://weibo.cn/comment/hot/IqCssfVUH?rl=2,呼吁请严格把控口罩价格，打击不良商家特殊时期哄抬物价。当前，企业应该把社会效益置于首位，实现经济效益与社会效益的合理结合！,345
2020-01-22,https://weibo.cn/comment/hot/IqCssfVUH?rl=2,弱弱的说一句，不是吃野味的人传播了病毒，新闻说的第一个病例不是卖野味儿的吗，源头是这个卖野生动物的逼做的孽。,1
2020-01-22,https://weibo.cn/comment/hot/IqCssfVUH?rl=2,@潘玮柏的老迷妹: 未来一段时间，大量沾满唾液、细菌甚至病毒的一次性口罩将会出现在各个城市的垃圾桶，如果处理这些一次性口罩，也是需要相关部门需要考虑的问题，不要让本应该保护我们健康的口罩成为新的病毒传播物。(转发),179
2020-01-22,https://weibo.cn/comment/hot/IqCssfVUH?rl=2,希望zf严查并【严惩】贩卖猫狗肉，老鼠竹鼠等【野味】的相关人员，我们不希望因为几个人【作死】而让全国人民【遭殃】。,177
2020-01-22,https://weibo.cn/comment/hot/IqCssfVUH?rl=2,最长潜伏期14天 在14天排除疑似之前 能不能考虑限制武汉出行了！真的 有点严重…！,164
2020-01-22,https://weibo.cn/comment/hot/IqCAiENu6?rl=2,哪有什么白衣天使，不过是一群孩子换了一身衣服，学着像前辈一样，治病救人和死神抢人罢了。,99950
2020-01-22,https://weibo.cn/comment/hot/IqCAiENu6?rl=2,人在动车上！发现乘务员小姐姐们没有戴口罩。问其原因，有规定（疑似仪容仪表）。建议特殊时期，特殊对待。毕竟全民预防才是重中之重！,58233
2020-01-22,https://weibo.cn/comment/hot/IqCAiENu6?rl=2,为什么还有那么多疯子去袭击医生，他们都是用生命和死神搏斗的大英雄！,15766
2020-01-22,https://weibo.cn/comment/hot/IqCAiENu6?rl=2,致敬那些 奋战在第一线的 【 白衣天使们 】今年过年还要在前线作战🙏🙏,13923
2020-01-22,https://weibo.cn/comment/hot/IqCAiENu6?rl=2,一线工作者辛苦了 一定要平平安安啊🙏🙏🙏🙏,10919
2020-01-22,https://weibo.cn/comment/hot/IqCAiENu6?rl=2,感觉只有微博热，家乡根本没人意识到,5706
2020-01-22,https://weibo.cn/comment/hot/IqCAiENu6?rl=2,以前我们说消防员是最美逆行者，今天人人都避免去武汉，但医护人员却源源不断地从各地奔赴武汉一线，他们也是最美逆行者、守护者,5007
2020-01-22,https://weibo.cn/comment/hot/IqCSrAXel?rl=2,他们是医生 也是普通人！愿平安🙏🙏🙏,6908
2020-01-22,https://weibo.cn/comment/hot/IqCSrAXel?rl=2,家人围着6岁的儿子问他的理想，儿子说他想当医生。外婆说医生好，社会地位高。奶奶说待遇也不错。爷爷说除了工资还有其他的收入呢！外公说更重要的是以后找对象方便。我听后，满意地问儿子为什么想当医生。他说：“不是说医生可以治病救人吗？”[发呆],1803
2020-01-22,https://weibo.cn/comment/hot/IqCSrAXel?rl=2,保护好钟南山院士啊！,848
2020-01-22,https://weibo.cn/comment/hot/IqCSrAXel?rl=2,这是位高级别专家啊,2
2020-01-22,https://weibo.cn/comment/hot/IqDl8tyrX?rl=2,高校能不能先观望一下政策什么时候落实？不要那么着急把学生都在2月初统一召唤回武汉？希望每个人都能平安过年！顺利过完正月！,3575
2020-01-22,https://weibo.cn/comment/hot/IqDl8tyrX?rl=2,染上新型病毒的人群，大多数是中老年人。所以大家多给中老年人宣传一下，现在好多中老年都不相信疫情的严重性！很多人都不知道情况，跟他们普及也听不进去，觉得小题大做，电视多做普及吧，特别是三大运营商短信通知起码引起重视，又逢春运，人流密集，再不重视，不提前预防，更是让人担忧。武汉挺住,1878
2020-01-22,https://weibo.cn/comment/hot/IqDl8tyrX?rl=2,保护好各位医护工作者，尤其要保护好钟南山院士啊！80多岁的人了，为此尽心竭力，到处奔波，还奋战在武汉第一线，他不仅是首席专家，还是中国抗病毒的旗帜，是精神支柱，防护工作一定要加强啊。,1595
2020-01-22,https://weibo.cn/comment/hot/IqDl8tyrX?rl=2,这传播速度太快了  虽然知道不可能 但还是希望数字不要再增加了🙏,1098
2020-01-22,https://weibo.cn/comment/hot/IqDl8tyrX?rl=2,怎么，这么快就改口了?不是已经在掌控之中了吗？,442
2020-01-22,https://weibo.cn/comment/hot/IqDl8tyrX?rl=2,目前爆出来的都是一二线城市，可明明三四线小城市外出返乡、乘铁路的人更多，隐患不是更大吗？想问三四线城市有没有检测措施，防范措施能否落实并号召人人做到！,490
2020-01-22,https://weibo.cn/comment/hot/IqDl8tyrX?rl=2,希望zf严查并【严惩】贩卖猫狗肉，老鼠竹鼠等【野味】的相关人员，我们不希望因为个别【作死】而让全世界【遭殃】。。,278
2020-01-22,https://weibo.cn/comment/hot/IqyrZlwrE?rl=2,未来一段时间，大量沾满唾液、细菌甚至病毒的一次性口罩将会出现在各个城市的垃圾桶，如果处理这些一次性口罩，也是需要相关部门需要考虑的问题，不要让本应该保护我们健康的口罩成为新的病毒传播物。,7792
2020-01-21,https://weibo.cn/comment/hot/IqyrZlwrE?rl=2,1⃣新闻滚动播放，手机通讯三大运营商发短信提醒重视2⃣管控口罩价格，保证口罩供给3⃣注意经过武汉流动人员4⃣给春运工作者发放口罩,3904
2020-01-21,https://weibo.cn/comment/hot/IqyrZlwrE?rl=2,请加大宣传力度！！我爸不信非说是卖口罩的炒作！谢谢！相信国家,2656
2020-01-21,https://weibo.cn/comment/hot/IqyrZlwrE?rl=2,表示春运后是不是一个大爆发期，人流流动太大了,1910
2020-01-21,https://weibo.cn/comment/hot/IqyrZlwrE?rl=2,希望电视剧播放电视广告过程可以插播提示消息（仅个人希望，请勿杠）,1845
2020-01-21,https://weibo.cn/comment/hot/IqyrZlwrE?rl=2,钟南山院士和武汉市长都在说，没有特殊情况不要去武汉啊！大学如果有可能的话，尽量晚一点开学可以么？（把落下的上课时间挪到暑假补也可以啊！）？大家一定要做好日常防护，消毒措施！过年了，大家还有医护人员都要平安！抄评论的那些！学生生命安全的热度你们也好意思蹭么？真的想发声请独立行走！,1552
2020-01-21,https://weibo.cn/comment/hot/IqtUKo5xH?rl=2,现在国家比我们还着急，新病毒感染途径和特征需要时间去研究，我们需要做的是：  1、没有特殊情况，老老实实家里呆着 2、命比过年重要，实在不行就异地过个年 3、不要侥幸，认真按照专家的话做好防御 4、相信我们国家的实力，17年前我们能打败非典，现在更能。,2915
2020-01-21,https://weibo.cn/comment/hot/IqtUKo5xH?rl=2,来自野味，妈呀，这是吃了什么呀（别杠我，我发现真的有好多人喜欢吃野味，我家里这边都还有人吃国家保护动物麂子呢，我真的是无了语）,1338
2020-01-21,https://weibo.cn/comment/hot/IqtUKo5xH?rl=2,我觉得要在电视上多播几次，家里人根本没意识到严重性,1338
2020-01-21,https://weibo.cn/comment/hot/IqtUKo5xH?rl=2,一线医护人员一定要平安顺利！🙏,783
2020-01-21,https://weibo.cn/comment/hot/IqtUKo5xH?rl=2,十二月底武汉初发疫情时，思想不重视，应对不得力，在封控舆情上用力多，没有果断采取应对非典时采取的非常手段，错失控制疫情最佳时机。,387
2020-01-21,https://weibo.cn/comment/hot/IqtUKo5xH?rl=2,前几天看书 看到异国使用病毒感染袭击强国取得成功  然 第二天就看到各大标题关于病毒感染 吓的连书都不敢看了………,19
2020-01-21,https://weibo.cn/comment/hot/IqtUKo5xH?rl=2,①出门最好戴口罩勤洗手 ‼️ ②咳嗽或打喷嚏时捂住口鼻避免唾液飞溅‼️ ③将肉类蛋类禽类彻底煮熟‼️ ④避免与呼吸道感染者接触 ‼️ ⑤避免近距离接触野生动物和活牲畜‼️‼️ ⑥不要随地吐痰 ‼️ ⑦尽量避免去人多的地方‼️ ⑧有发热咳嗽现象一定要及时就医不要拖‼️ ⑨不要食用野味‼️,261
2020-01-21,https://weibo.cn/comment/hot/IqtUKo5xH?rl=2,坐标武汉，已经在给父母和身边的的长辈普及了，但还是很多年纪大的人不重视，过年也还是一定要叫上武汉各地的亲戚们吃几轮年饭…心好累,223
2020-01-21,https://weibo.cn/comment/hot/IqtUKo5xH?rl=2,加强武汉人口流动管控，这样放任不管，很多病毒携带没有发烧不知道自己感染的，成为行走的传染源了。拜托了，为了全中国人民，加强管控吧🙏🙏🙏,193
2020-01-21,https://weibo.cn/comment/hot/IqvBTdC1u?rl=2,武汉加油！！！,9508
2020-01-21,https://weibo.cn/comment/hot/IqvBTdC1u?rl=2,求求你们，发一些短信提醒吧！！！要不然很多人对疫情都不重视啊！！！,7111
2020-01-21,https://weibo.cn/comment/hot/IqvBTdC1u?rl=2,延迟返校吧 太可怕了,3647
2020-01-21,https://weibo.cn/comment/hot/IqvBTdC1u?rl=2,全国人民支持武汉,2801
2020-01-21,https://weibo.cn/comment/hot/IqvBTdC1u?rl=2,大家都重视起来吧[加油]我们都要好好的！,1597
2020-01-21,https://weibo.cn/comment/hot/IqvBTdC1u?rl=2,麻烦电视上多播一些，一些长辈不重视这个病,2070
2020-01-21,https://weibo.cn/comment/hot/IqvBTdC1u?rl=2,我希望武汉能平平安安的度过这个年 快点摆脱病毒肺炎 我也希望别的省的小姐姐小哥哥不要对武汉有任何的偏见 不要地域黑 我知道你们也是为大家的安全健康着想 但是武汉这个城市其实也是受害者 我们一起度过这个难关 不要对武汉有任何偏见 谢谢,1036
2020-01-21,https://weibo.cn/comment/hot/IqvBTdC1u?rl=2,恳请务必封城 目前别处的疑似病例和确诊病例全部跟武汉有关 非典期间首都都封锁了 怎么我看这次武汉的地位还凌驾于北京之上？,667
2020-01-21,https://weibo.cn/comment/hot/IqvBTdC1u?rl=2,不要吃野生动物！,600
2020-01-21,https://weibo.cn/comment/hot/Iqw6ph8vQ?rl=2,在这条微博之前，武汉已经开始实施进人员进出口管制了，交警也开始随机抽查私家车，检查是否有家禽等动物。身边的朋友都取消了了难得的春节行程。还有医院的朋友都取消了假期都要加班，作为武汉人也希望封城。毕竟武汉人就在自己的老家，也不会很多声音指责和埋怨。 为武汉加油吧[悲傷],1494
2020-01-21,https://weibo.cn/comment/hot/Iqw6ph8vQ?rl=2,相信国家相信政府  武汉加油！,651
2020-01-21,https://weibo.cn/comment/hot/Iqw6ph8vQ?rl=2,善待自然吧不要在瞎吃野生动物了，不然会遭到大自然的报复的！,331
2020-01-21,https://weibo.cn/comment/hot/Iqw6ph8vQ?rl=2,还公开透明啊，武汉15名医务人员若不是钟南山昨晚央视直播说出，你猜猜武汉健委会不会通报这15名被感染的医务人员情况呢？这就是瞒报迟报，中华民族历史的千古罪人！,15
2020-01-21,https://weibo.cn/comment/hot/Iqw6ph8vQ?rl=2,关于疫情真的想说几句：1. 早期官媒央媒报道没事的时候怪武汉人小题大做，有事就怪我们不重视了，合着武汉人能根据你们的想象，任何时候都是憨憨是吗？2.封城也好隔离也罢，武汉人都能理解，可别说把“武汉人”隔离，是“武汉的人”隔离，病毒没有智商，不会特地按地域感染人，望周知。,287
2020-01-21,https://weibo.cn/comment/hot/Iqw6ph8vQ?rl=2,必须的！非常时期，非常手段！,169
2020-01-21,https://weibo.cn/comment/hot/Iqw6ph8vQ?rl=2,不要像非典期间藏着掖着就好,171
2020-01-21,https://weibo.cn/comment/hot/Iqx3ssgwy?rl=2,这位同志是主动的，那些到现在还偷偷摸摸的赶紧就近去指定点排查吧。这是目前最吉利的事情！,4101
2020-01-21,https://weibo.cn/comment/hot/Iqx3ssgwy?rl=2,请严格把控口罩价格，打击不良商家特殊时期哄抬物价。企业应该把社会效益放在首位，实现经济效益与社会效益的合理结合,4059
2020-01-21,https://weibo.cn/comment/hot/Iqx3ssgwy?rl=2,希望两岸三地都平平安安,1770
2020-01-21,https://weibo.cn/comment/hot/Iqx3ssgwy?rl=2,发一些短信提醒吧！！！要不然很多人对疫情都不重视啊！！！求求你们了！！！,1540
2020-01-21,https://weibo.cn/comment/hot/Iqx3ssgwy?rl=2,年轻人们都上网，对疫情关注密切，但是家长们对此却了解不多（特别是非武汉地区），防范心不强，并且对于子女的劝告大多都不重视，所以希望新闻能着重提醒防护的重要性。,1390
2020-01-21,https://weibo.cn/comment/hot/Iqx3ssgwy?rl=2,2003年非典，第一个超级传播者，广州海鲜销售员ZZF，他把病毒传给了19名家属和至少50个医院工作人员。有一个是中山医科大学附属医院的医生LJL，他去香港参加婚礼，传染了同住在9楼的16个客人……传染的的4个人，又把SARS带到了香港、加拿大、新加坡和越南…… SARS的全球爆发，就是这样开始的……,1322
2020-01-21,https://weibo.cn/comment/hot/IqxgomIWZ?rl=2,如果不吃野味屁事没有，吃了野味，全国乃至世界要为你善后！,7520
2020-01-21,https://weibo.cn/comment/hot/IqxgomIWZ?rl=2,暂时委屈下武汉市民了，🙏🙏🙏,4227
2020-01-21,https://weibo.cn/comment/hot/IqxgomIWZ?rl=2,电视新闻滚动播放吧 家里老年人跟本停不进去 电视多做普及 起码引起重视！！,1615
2020-01-21,https://weibo.cn/comment/hot/IqxgomIWZ?rl=2,武汉高校开学延迟的可能性大吗？,1080
2020-01-21,https://weibo.cn/comment/hot/IqxgomIWZ?rl=2,河南的反应太迅速了，建议全国推广,646
2020-01-21,https://weibo.cn/comment/hot/IqxgomIWZ?rl=2,难为武汉了 辛苦医护人员 大家做好防护 早日好起来 武汉加油,465
2020-01-21,https://weibo.cn/comment/hot/IqxgomIWZ?rl=2,不要乱跑不要乱跑不要乱跑不要乱跑不要乱跑不要乱跑不要乱跑不要乱跑不要乱跑不要乱跑不要乱跑不要乱跑不要乱跑不要乱跑不要乱跑,431
2020-01-21,https://weibo.cn/comment/hot/IqxDkyWKx?rl=2,1⃣新闻滚动播放，发短信提醒重视2⃣管控口罩价格，保证口罩供给3⃣注意经过武汉流动人员4⃣给春运工作者发放口罩,826
2020-01-21,https://weibo.cn/comment/hot/IqxDkyWKx?rl=2,非常人性化了！别去！别出！求求了！🙏,547
2020-01-21,https://weibo.cn/comment/hot/IqxDkyWKx?rl=2,航空公司强调要拿发热证明才给免费退票,11
2020-01-21,https://weibo.cn/comment/hot/IqxDkyWKx?rl=2,我本来是是2.24日兰州—武汉 然后武汉转机—广州的票 早上把兰州到武汉的退了 也扣费了 这会发现武汉—广州的票没退 刚选择退票 1500 退下来286 还是扣了啊 这个政策没施行吧,4
2020-01-21,https://weibo.cn/comment/hot/IqxDkyWKx?rl=2,咋免费退啊…还是要钱啊,3
2020-01-21,https://weibo.cn/comment/hot/IqxDkyWKx?rl=2,不能只免费退去武汉的票，去往个个城市的都应该免费退票，防止疫情扩散！别等某个地方严重了才有人性化服务！,304
2020-01-21,https://weibo.cn/comment/hot/IqxDkyWKx?rl=2,飞猪上 国航 退款还是75%手续费,2
2020-01-21,https://weibo.cn/comment/hot/IqxT5v4GO?rl=2,请求电视滚动播放，联通电信移动发短信，加强中老年防护意识，让大家都重视起来，有症状及时就医，不要抱侥幸心理!!!,2844
2020-01-21,https://weibo.cn/comment/hot/IqxT5v4GO?rl=2,1⃣新闻滚动播放，手机通讯三大运营商发短信提醒重视2⃣管控口罩价格，保证口罩供给3⃣注意经过武汉流动人员4⃣给春运工作者发放口罩,629
2020-01-21,https://weibo.cn/comment/hot/IqxT5v4GO?rl=2,医保局这波干的漂亮！支持！,317
2020-01-21,https://weibo.cn/comment/hot/IqxT5v4GO?rl=2,评论一堆让加大宣传力度，让父母看到新闻，我想说的是，如果真的报道了，就能解决问题了？反而是父母更多的担心，相信国家，相信中国医疗，不要乱操心了好嘛？该报道时候自然会报道！比你有能耐的人都在想办法解决问题。,2
2020-01-21,https://weibo.cn/comment/hot/IqxT5v4GO?rl=2,非常时期，用非常手段。 政府兜底疫情医疗费用，打消了潜在患者的后顾之忧，值得点赞👍,146
2020-01-21,https://weibo.cn/comment/hot/IqxT5v4GO?rl=2,钟南山院士和武汉市长都在说，没有特殊情况不要去武汉！希望大学如果有可能的话，尽量晚一点开学啊！（把落下的上课时间挪到暑假补也可以啊！）？一定要做好日常防护，消毒措施！过年了，大家还有医护人员都要平平安安的！,75
2020-01-21,https://weibo.cn/comment/hot/IqttJvLc4?rl=2,武汉医务人员辛苦了,2241
2020-01-21,https://weibo.cn/comment/hot/IqttJvLc4?rl=2,钟南山院士说，没有特殊情况不能去武汉！希望大学如果有可能的话，尽量晚一点开学啊！（把落下的上课时间挪到暑假补也可以啊！）？一定要做好日常防护，消毒措施！过年了，大家还有医护人员都要平平安安的！,1578
2020-01-21,https://weibo.cn/comment/hot/IqttJvLc4?rl=2,比病毒更可怕的是身价倍增的口罩和板蓝根,811
2020-01-21,https://weibo.cn/comment/hot/IqttJvLc4?rl=2,预防千万条，口罩😷第一条。健康第一位，不要吃野味。不往人群挤，病毒不缠你。洗手很重要，胜过吃补药。通风也要紧，疾病无踪影。,382
2020-01-21,https://weibo.cn/comment/hot/IqttJvLc4?rl=2,之前重视还是不够啊，老是说可控范围,320
2020-01-21,https://weibo.cn/comment/hot/IqttJvLc4?rl=2,可是大量武汉人在昨天之前就离开武汉了啊，亡羊补牢？,7
2020-01-21,https://weibo.cn/comment/hot/IqttJvLc4?rl=2,实话实说，其实看央视这边连续报道新闻，私以为效率已经很高了，毕竟从病发到确诊到上报成功需要一定的时间。央霸霸[加油][加油]各城市医护人员辛苦了！自己也要注意防护噢！,193
2020-01-20,https://weibo.cn/comment/hot/IqkydFW0z?rl=2,这也太多了吧…天啊！,884
2020-01-20,https://weibo.cn/comment/hot/IqkydFW0z?rl=2,这才对嘛，凡是那些疑似的、确诊的，及时通报才是值得称赞的。,914
2020-01-20,https://weibo.cn/comment/hot/IqkydFW0z?rl=2,。。说句不好听的 患者能不出武汉吗。。。,712
2020-01-20,https://weibo.cn/comment/hot/IqkydFW0z?rl=2,想问一下华中农业大学是2月8号开学，在开学之前疫情能控制住么？如果没控制住，全校几千大学生回武汉上学，生命安全会有保障么？,25
2020-01-20,https://weibo.cn/comment/hot/IqkydFW0z?rl=2,我们这里据说都有人死了，没报道,0
2020-01-20,https://weibo.cn/comment/hot/IqmGLjMXn?rl=2,朝阳医院的医生,661
2020-01-20,https://weibo.cn/comment/hot/IqkydFW0z?rl=2,啊！我就是浙江的好慌,234
2020-01-20,https://weibo.cn/comment/hot/IqkydFW0z?rl=2,广东那例探个亲就感染了，大家千万不能大意，必须提高警惕，做好防护,196
2020-01-20,https://weibo.cn/comment/hot/IqmGLjMXn?rl=2,注意安全大家 快过年了 春晚大G,370
2020-01-20,https://weibo.cn/comment/hot/IqmGLjMXn?rl=2,#北京朝阳医院发生伤医事件#还有一边抗病毒一边打医生的呢！,58
2020-01-20,https://weibo.cn/comment/hot/IqmGLjMXn?rl=2,关注朝阳医院暴力伤医事件！,253
2020-01-20,https://weibo.cn/comment/hot/IqmGLjMXn?rl=2,大家G个好年,249
2020-01-20,https://weibo.cn/comment/hot/IqmGLjMXn?rl=2,医生都被砍了，一天真的医TM,133
2020-01-20,https://weibo.cn/comment/hot/IqmGLjMXn?rl=2,G极关注疫情,141
2020-01-20,https://weibo.cn/comment/hot/IqmGLjMXn?rl=2,开你🐎大G,72
2020-01-20,https://weibo.cn/comment/hot/Iqohp9rSz?rl=2,请大家善待医护人员，他们真的不容易，请不要拿医生来泄愤!!!,23528
2020-01-20,https://weibo.cn/comment/hot/Iqohp9rSz?rl=2,请武汉的群众能不出外就尽量不要出了吧...不是歧视，这是对公众安全的负责啊...包括武汉本地的也是，从自身做起注意防护呀,23908
2020-01-20,https://weibo.cn/comment/hot/Iqohp9rSz?rl=2,这病例都是武汉来的，可不可以对在武汉的人管控一下呢，春运期间如果不加控制这肯定满中国到处跑，所以武汉的人请你们原地不要动好么，真的害怕,7738
2020-01-20,https://weibo.cn/comment/hot/Iqohp9rSz?rl=2,我求求大家真的善待医护人员吧 ！！！！各个医院都设好安检吧！！！！犯罪分子一定要严惩啊啊啊啊啊啊啊啊啊啊！！！凭什么到底是凭什么！！！他毁了一个大夫的前途毁了那么多患者的希望啊啊啊啊啊啊啊啊啊啊我气死了啊啊啊啊,5883
2020-01-20,https://weibo.cn/comment/hot/Iqohp9rSz?rl=2,武汉人民是不是需要隔离啊,5252
2020-01-20,https://weibo.cn/comment/hot/Iqohp9rSz?rl=2,武汉是大的交通枢纽，来来往往很多人，平常就应该注意各种的消毒检验，武汉也没怎么下雪，大学生那么多，2月中旬很多大学要开学了，一定要尽快防止住，要不然大学生怎么办。希望武汉人民平安，医护人员平安。,4690
2020-01-20,https://weibo.cn/comment/hot/Iqohp9rSz?rl=2,我是武汉的本来要去长沙玩的，现在把票也退了，不给长沙人民添麻烦！,4716
2020-01-20,https://weibo.cn/comment/hot/IqoVt0COS?rl=2,十七年前抗击sars的领军人物钟南山院士，辛苦了，请千万保护好身体，老先生安康,34252
2020-01-20,https://weibo.cn/comment/hot/IqoVt0COS?rl=2,我相信钟南山，我也相信我的国家,19272
2020-01-20,https://weibo.cn/comment/hot/IqoVt0COS?rl=2,还是钟院士敢说话，没有虚的,13721
2020-01-20,https://weibo.cn/comment/hot/IqoVt0COS?rl=2,钟院士明确说。1存在人传人。2医务人员有感染。我没听错吧，你们听到了吧。钟院士还是比较良心。,8478
2020-01-20,https://weibo.cn/comment/hot/IqoVt0COS?rl=2,别乱吃野生动物 我始终相信是会有报应的,2833
2020-01-20,https://weibo.cn/comment/hot/IqoVt0COS?rl=2,预防千万条，口罩第一条。不往人群挤，病毒不缠你。洗手很重要，胜过吃补药。通风也要紧，疾病无踪影。,2182
2020-01-20,https://weibo.cn/comment/hot/IqpaF6hPc?rl=2,吃野味的人祸国殃民,2952
2020-01-20,https://weibo.cn/comment/hot/IqpaF6hPc?rl=2,钟南山访问要点： 1、确认可以人传人，基于武汉和广东案例。 2、有医务人员被传染。 3、源头目前不清楚，但可能是竹鼠、獾这种野生动物（尽量别去碰野味）。 4、如无必要，近期不要去武汉。 5、有发热及时就医。 6、买不到N95，普通口罩也可以起到阻止飞沫传播的作用（该戴口罩戴口罩）。,2476
2020-01-20,https://weibo.cn/comment/hot/IqpaF6hPc?rl=2,钟院士八十好几了 看起来真的好年轻,1749
2020-01-20,https://weibo.cn/comment/hot/IqpaF6hPc?rl=2,预防千万条，口罩第一条。不往人群挤，病毒不缠你。洗手很重要，胜过吃补药。通风也要紧，疾病无踪影。,1465
2020-01-20,https://weibo.cn/comment/hot/IqpaF6hPc?rl=2,别吃野生动物了,992
2020-01-20,https://weibo.cn/comment/hot/IqpaF6hPc?rl=2,……国人什么时候能放弃吃野味这个low b行为,1136
2020-01-20,https://weibo.cn/comment/hot/IqpaF6hPc?rl=2,可以管一下野味市场嘛？别啥玩意都吃！,615
2020-01-20,https://weibo.cn/comment/hot/IqpaF6hPc?rl=2,所以，武汉各大学可以考虑一下延迟开学吗？毕竟，让外省的学生在这种情况下回到武汉实在还是有点害怕，机场火车站地铁公交人流众多，本就容易感染，但却又是回校必经之地，最早的二月初就得回武汉了，这让大学生们怎么放心回去啊。。。,417
2020-01-20,https://weibo.cn/comment/hot/IqpaF6hPc?rl=2,果子狸🙃,357
2020-01-20,https://weibo.cn/comment/hot/IqppKBqdU?rl=2,钟南山访问要点： 1、确认可以人传人，基于武汉和广东案例。 2、有医务人员被传染。 3、源头目前不清楚，但可能是竹鼠、獾这种野生动物（尽量别去碰野味）。 4、如无必要，近期不要去武汉。 5、有发热及时就医。 6、买不到N95，普通口罩也可以起到阻止飞沫传播的作用（该戴口罩戴口罩）。,6481
2020-01-20,https://weibo.cn/comment/hot/IqppKBqdU?rl=2,钟南山院士亲自带队 相信会有好消息🙏,1640
2020-01-20,https://weibo.cn/comment/hot/IqppKBqdU?rl=2,作为武汉人我想说:1.武汉本地人也很怕，第一天口罩就脱销了2.武汉外地务工及学生众多，有回家需求，本地人不是有原因也不会到处跑，不要在评论刷武汉人别动好吗？3.讲卫生，尽量不去人多地方，外出戴防护口罩尽量预防，不要过度恐慌4.不要再问室友武汉人等等问题怎么办，身体健康就好不行吗，别带节奏,1741
2020-01-20,https://weibo.cn/comment/hot/IqppKBqdU?rl=2,只有我一个人希望大学如果有可能晚一点开学的么？或者是开学一定要做好消毒工作啊！大家都是从火车站飞机场回武汉的，一定要保护好自己，不要有被感染的可能，希望过年了，大家都能平平安安的！,1175
2020-01-20,https://weibo.cn/comment/hot/IqppKBqdU?rl=2,每次看到有的评论说武汉自己都不恐慌，没人戴口罩我都很无语，这是啥值得骄傲的事吗,564
2020-01-20,https://weibo.cn/comment/hot/IqppKBqdU?rl=2,卖口罩的看了这个新闻会不会不开心了,535
2020-01-20,https://weibo.cn/comment/hot/IqppKBqdU?rl=2,医用外科口罩也卖得差不多了 而且价格也翻了倍 只不过本身这种口罩价格就低翻倍了普通人也还能接受 而且也有很有商家标题是医用外科口罩 仔细看包装根本就不是,85
2020-01-20,https://weibo.cn/comment/hot/IqppKBqdU?rl=2,划重点：①不要去武汉，②不要和从武汉地区回来的人接触，③出门带口罩（不一定是N95）④病毒有人传人（恶化）,418
2020-01-21,https://weibo.cn/comment/hot/IqpuIcpgt?rl=2,#有医务人员被传染新型冠状病毒肺炎#【钟南山：14名医务人员感染新型冠状病毒】#钟南山谈疫情#,1162
2020-01-20,https://weibo.cn/comment/hot/IqpuIcpgt?rl=2,医护人员辛苦了，希望多做防范措施啊。,12194
2020-01-20,https://weibo.cn/comment/hot/IqpuIcpgt?rl=2,请不要再伤害医护人员请不要再伤害医护人员请不要再伤害医护人员,10679
2020-01-20,https://weibo.cn/comment/hot/IqpuIcpgt?rl=2,钟南山访问要点： 1、确认可以人传人，基于武汉和广东案例。 2、有医务人员被传染。 3、源头目前不清楚，但可能是竹鼠、獾这种野生动物（尽量别去碰野味）。 4、如无必要，近期不要去武汉。 5、有发热及时就医。 6、买不到N95，普通口罩也可以起到阻止飞沫传播的作用（该戴口罩戴口罩）。,8182
2020-01-20,https://weibo.cn/comment/hot/IqpuIcpgt?rl=2,第一次当键盘侠，吃野味的就是low b 先有事就该这种人有事！到底有什么好吃的！祸及医生人民,6177
2020-01-20,https://weibo.cn/comment/hot/IqpuIcpgt?rl=2,求求武汉人民请原地不动，包括在武汉工作人员，这是一种责任！  这个时候我们的医护人员冒生命危险冲在第一线，向他们致敬！ 不希望再出现伤害医生的事件了，没有他们，我们只剩下绝望！ 17年前的非典我们都战胜了，我们现在医学更强大了，要相信国家和医护人员，按照专家的建议做好防御，就一定能赢,3977
2020-01-20,https://weibo.cn/comment/hot/IqpuIcpgt?rl=2,啊啊啊啊啊啊啊啊医务人员也要注意安全啊 钟院长也要啊！！！,1721
2020-01-20,https://weibo.cn/comment/hot/IqpuIcpgt?rl=2,没有特殊情况不能去武汉？只有我一个人希望大学如果有可能的话，尽量晚一点开学的么（把上课时间推迟到暑假也可以啊！）？或者是开学一定要做好消毒工作啊！大家都是从火车站飞机场回武汉的，一定要保护好自己，不要有被感染的可能，希望过年了，大家都能平平安安的！,1375
2020-01-20,https://weibo.cn/comment/hot/IqhADEfCM?rl=2,确诊不可怕，能控制疫情不大规模扩散就好,15658
2020-01-20,https://weibo.cn/comment/hot/IqhADEfCM?rl=2,又是武汉 所以是从武汉传到各地？,9350
2020-01-20,https://weibo.cn/comment/hot/IqhADEfCM?rl=2,春运了，你就发个通知让大家每天都带口罩不行吗,6334
2020-01-20,https://weibo.cn/comment/hot/IqhADEfCM?rl=2,检测试剂盒检测应该立刻增加并发往其他城市的大医院。其他城市也许也已经有新型病毒了，但没有检测样本测不出来，所以还是零报告。这是非常危险的。希望不要重蹈非典初期的覆辙,5480
2020-01-20,https://weibo.cn/comment/hot/IqhADEfCM?rl=2,那些一口一个不造谣不传谣 武汉没事好的很 不需要外地人瞎操心的星星呢 不戴口罩还很自豪 小心点总没错的 不管严不严重 既然发生了 保护好自己没有任何坏处 平时注意防护不去人多的地方 戴戴口罩没有多麻烦 不是别人说啥都是害你们,2506
2020-01-20,https://weibo.cn/comment/hot/IqhADEfCM?rl=2,大半夜的接连出新闻？？卧槽明早起来大家可能都惊呆了,1589
2020-01-20,https://weibo.cn/comment/hot/IqhADEfCM?rl=2,问问这个人是不是去海鲜市场了？如果不是，就说明有可能是是人和人之间的传染。还是那句话，希望官方不瞒报，老百姓不传谣，都实事求是，尽快找到病源和预防治疗方法，马上过年了，让大家都安安心心的过个好年🙏🙏,942
2020-01-20,https://weibo.cn/comment/hot/IqhADEfCM?rl=2,武汉，北京，广东那可是交通枢纽啊，马上春节了有点危险啊，要是一个不小心可能就是中间开花啊，我觉得可以大规模隔离了,1020
2020-01-20,https://weibo.cn/comment/hot/IqhADEfCM?rl=2,我现在担心的是，之前从武汉回家的人们可能是农村的，医疗设施什么还有相应的知识都比较欠缺。万一真的有感染也检查不出来当做普通流感怎么办,557
2019-12-31,https://weibo.cn/comment/hot/InjmYsLSS?rl=2,有事叫天使，没事捅天使,3470
2019-12-31,https://weibo.cn/comment/hot/InjmYsLSS?rl=2,医务人员辛苦了,3348
2019-12-31,https://weibo.cn/comment/hot/InjmYsLSS?rl=2,希望一切都好，以官方为准！！,1134
2019-12-31,https://weibo.cn/comment/hot/InjmYsLSS?rl=2,吓得我赶紧喝了一袋板蓝根,884
2019-12-31,https://weibo.cn/comment/hot/InjmYsLSS?rl=2,还是要保持警惕吧，未发现人传人，不代表没有人传人的可能性，再者说  病毒变异什么的，也不是没可能。去公共场所佩戴口罩，保持室内通风，多洗手，做自己做起才是硬道理啊,675
2019-12-31,https://weibo.cn/comment/hot/InjmYsLSS?rl=2,希望公开更多细节，诸如什么时候初诊，这27个人互相有没有联系，隔离在武汉哪家医院？除了高热和呼吸困难，还有什么症状？27日目前得治疗情况如何？只有细节的完整才能更有效地避免民众的恐慌情绪。,563
2019-12-31,https://weibo.cn/comment/hot/InjmYsLSS?rl=2,卧槽@o迷幻天使o 注意安全 平安为盼,2
2020-01-09,https://weibo.cn/comment/hot/IoE0ZyrWd?rl=2,新型冠状病毒，获得该病毒的全基因组序列。,9429
2020-01-09,https://weibo.cn/comment/hot/IoE0ZyrWd?rl=2,武汉太可怕了，隔离，提取病毒，细胞检测一气呵成一步到位，这个城市是什么神仙病理学研究能力,4718
2020-01-09,https://weibo.cn/comment/hot/IoE0ZyrWd?rl=2,已获得该病毒的全基因组序列。,3006
2020-01-09,https://weibo.cn/comment/hot/IoE0ZyrWd?rl=2,造谣的别再造谣了 地域黑的别再地域黑了 武汉虽然不是很完美 可我们生长在这里,1329
2020-01-09,https://weibo.cn/comment/hot/IoE0ZyrWd?rl=2,查出原因和病原体就好了，祝那些患者早日康复，做好防护措施。,797
2020-01-09,https://weibo.cn/comment/hot/IoE0ZyrWd?rl=2,通过什么途径传播呢？ 评论配图,561
2020-01-11,https://weibo.cn/comment/hot/IoWrwpsE1?rl=2,早发现、早诊断、早隔离、早治疗。,217
2020-01-11,https://weibo.cn/comment/hot/IoWrwpsE1?rl=2,相信我们的医生技术人员，一定能战胜,113
2020-01-11,https://weibo.cn/comment/hot/IoWrwpsE1?rl=2,迅速诊断 及时治疗 实时通报 已经很专业了,67
2020-01-11,https://weibo.cn/comment/hot/IoWrwpsE1?rl=2,医护人员们受累了，愿医患都能平安,28
2020-01-11,https://weibo.cn/comment/hot/IoWrwpsE1?rl=2,愿平安🙏,18
2020-01-11,https://weibo.cn/comment/hot/IoXmpa5j2?rl=2,希望能早点找到病因，早点控制，早发现早治疗,190
2020-01-11,https://weibo.cn/comment/hot/IoXmpa5j2?rl=2,这种新闻报道传播的形式好好，希望能看到更多这样公开透明准确的答复。,137
2020-01-11,https://weibo.cn/comment/hot/IoXmpa5j2?rl=2,比较好懂！以官方为准！,12
2020-01-11,https://weibo.cn/comment/hot/IoXmpa5j2?rl=2,这种新闻方式挺好的，大家看了也安心，希望多多推广,9
2020-01-22,https://weibo.cn/comment/hot/IqBKznJTr?rl=2,三大通讯运营商 发信息提示提示吧！好多人不玩微博的  特别是年纪大的人。我认为真的很有必要,770
2020-01-22,https://weibo.cn/comment/hot/IqBKznJTr?rl=2,这两天打车上下班发现司机师傅们基本都没有戴口罩，司机每天也要在密闭空间接触很多乘客，这两天遇到了一直在替醒，他们每天跑在路上不怎么看手机，我不知道现在个个电台有没有随时提醒，希望司机们能引起重视,643
2020-01-22,https://weibo.cn/comment/hot/IqBKznJTr?rl=2,最麻烦的就是 就算武汉人都不出门 在武汉过路以及中转的人还是太多了 根本防不住,508
2020-01-22,https://weibo.cn/comment/hot/IqBKznJTr?rl=2,经历过非典和这次之后，中国真的要大力的整顿打击肉制品市场，捕杀和贩卖野生动物应该立法，无论是不是保护动物，都要有刑罚。另外真的要整顿生禽市场，要统一捕杀统一加工,376
2020-01-22,https://weibo.cn/comment/hot/IqBKznJTr?rl=2,不报则以，一报即重症，是检测手段落后还是心存侥幸未及时通报？,1
2020-01-22,https://weibo.cn/comment/hot/IqBKznJTr?rl=2,哭了，今天下午回家，我家就在萍乡市湘东区。,2
2020-01-22,https://weibo.cn/comment/hot/IqDopbxrV?rl=2,野味 你吃 你还吃 你还他妈吃,91361
2020-01-22,https://weibo.cn/comment/hot/IqDopbxrV?rl=2,保护好各位医护工作者，尤其要保护好钟南山院士啊！80多岁的人了，为此尽心竭力，到处奔波，还奋战在武汉第一线，他不仅是首席专家，还是中国抗病毒的旗帜，是精神支柱，防护工作一定要加强啊。,55752
2020-01-22,https://weibo.cn/comment/hot/IqDopbxrV?rl=2,我是武汉人，我还是希望封城，这样范围控制住。希望也能快点过去,48810
2020-01-22,https://weibo.cn/comment/hot/IqDopbxrV?rl=2,最可恨的是，很多人还以为是小题大做，不以为然,37161
2020-01-22,https://weibo.cn/comment/hot/IqDopbxrV?rl=2,大家多给中老年人宣传一下，现在好多中老年都不相信疫情的严重性！很多人都不知道情况，跟他们普及也听不进去，觉得小题大做，电视多做普及吧，特别是三大运营商短信通知起码引起重视，又逢春运，人流密集，再不重视，不提前预防，更是让人担忧,29873
2020-01-22,https://weibo.cn/comment/hot/IqDopbxrV?rl=2,今天临时开紧急动员会，抓阄决定谁去发热门诊，谁去隔离病房，过年期间所有的副班不准休息，全体待命。说不紧张是假的，但是穿着白大褂，这就是使命。,16053
2020-01-22,https://weibo.cn/comment/hot/IqDopbxrV?rl=2,加油中国！万众一心 众志成城,11136
2020-01-22,https://weibo.cn/comment/hot/IqDopbxrV?rl=2,对于在各大火车站，机场，执勤的解放军同志，武警同志，民警同志，他们的工作场所人流量大，是病毒传染的高发地区，强烈建议戴口罩执勤!!!强烈建议戴口罩执勤!!!强烈建议戴口罩执勤!!!强烈建议戴口罩执勤!!!,10706
2020-01-22,https://weibo.cn/comment/hot/IqDopbxrV?rl=2,恨死吃野味的了！！！自己作死别连累别人！！！,6514
2020-01-22,https://weibo.cn/comment/hot/IqDBNus8y?rl=2,强烈建议加强农村偏远地区的宣传，从全国各地返乡的，都很有可能携带病毒，这两天将会是春运的最高峰，农村的人这方面意识比较薄弱，很有可能不知道病毒的可怕，所以请乡村干部们加强病毒的防治措施，加大病毒可怕的宣传力度！,1347
2020-01-22,https://weibo.cn/comment/hot/IqDBNus8y?rl=2,感觉都聚焦武汉，武汉周边的县市完全被遗忘了，也没有人重视,388
2020-01-22,https://weibo.cn/comment/hot/IqDBNus8y?rl=2,武汉返乡人员统计一下吧！！！！！！我们家这边就有一周前从武汉回来的，我好慌,10
2020-01-22,https://weibo.cn/comment/hot/IqDBNus8y?rl=2,我是武汉人 很抱歉因为武汉导致各地人民无法欢度新春佳节，生命安全受到威胁仅代表我自己 向各位说抱歉。武汉人民尊重国家的各项决定，最后希望各地人民一起对抗病魔 渡过难关,283
2020-01-22,https://weibo.cn/comment/hot/IqDBNus8y?rl=2,希望zf严查并【严惩】贩卖猫狗肉，老鼠竹鼠等【野味】的相关人员，我们不希望因为个别【作死】而让全世界【遭殃】。,137
2020-01-22,https://weibo.cn/comment/hot/IqDBNus8y?rl=2,刷一条又一例，微博都不敢刷新了。希望不要再增加了🙏🙏🙏,104
2020-01-22,https://weibo.cn/comment/hot/IqDBNus8y?rl=2,我们现在要做是听从国家安排相信国家做好保护措施，保护好自己，对自己负责对家人朋友负责，对国家负责！,64
2020-01-22,https://weibo.cn/comment/hot/IqDTLsntn?rl=2,她们也是女儿 妻子 妈妈 一定要保护好自己 平安归来！,20797
2020-01-22,https://weibo.cn/comment/hot/IqDTLsntn?rl=2,疫情来了想到医生，火灾来了想到消防员，治安不好了想起警察，战争来了想起军人。平时多一点尊重多好！！！,9964
2020-01-22,https://weibo.cn/comment/hot/IqDTLsntn?rl=2,还有一位女医生，本来定好了年后的旅行，医院方面临时决定要24小时待命，人家要退旅行费，可旅行社客服死活不愿意退！人家医生说了，明知道医院危险，我留下来要保护的是谁？预警已经上升到国家层面了，这样的客服还留着过年吗？,2081
2020-01-22,https://weibo.cn/comment/hot/IqDTLsntn?rl=2,都是救死扶伤的大夫，哪有男女之分！加油！！！,645
2020-01-22,https://weibo.cn/comment/hot/IqDTLsntn?rl=2,他们就像走向火海的消防员一样，太让人敬佩了,494
2020-01-22,https://weibo.cn/comment/hot/IqEre8JbN?rl=2,看着数字不断的增加，再看看周围人的漠视，真的很无奈。早上坐出租，戴口罩，司机还说我们这没有发现呢，干嘛搞得这么紧张？就是因为有那么多不重视不相信的人确诊疑似病例才向全国蔓延。赶上春节人口流动这么大，可就是有人不愿意预防，谁也不知道周围哪个人是潜在病毒携带者，真的很无奈,7833
2020-01-22,https://weibo.cn/comment/hot/IqEre8JbN?rl=2,全国实施谢谢！！发国难财的没有心,6856
2020-01-22,https://weibo.cn/comment/hot/IqEre8JbN?rl=2,虽然我们要相信国家科技，要相信医疗人员，可是必须说的是，现在医疗人员奋战一线也是非常危险的，大家真的只能从自身做起，防患于未然，才是减少国家和医疗人员的负担。可能信息的传播真的有延迟，所以大家更应该把信息传播给身边的人，让大家引起重视,1645
2020-01-22,https://weibo.cn/comment/hot/IqEre8JbN?rl=2,发国难财的，你的良心不会痛么,1605
2020-01-22,https://weibo.cn/comment/hot/IqEre8JbN?rl=2,我想问下什么价格才是正常的价格?,470
2020-01-22,https://weibo.cn/comment/hot/IqEre8JbN?rl=2,适当涨点无可厚非，如借病毒灾害之际哄抬价格支持严惩！,424
2020-01-22,https://weibo.cn/comment/hot/IqFiJ2f4g?rl=2,发国难财的都biss,20860
2020-01-22,https://weibo.cn/comment/hot/IqFiJ2f4g?rl=2,没用 黑龙江这偏远小县城 昨晚买普通口罩9.8/袋  今天买就涨到19.8/袋，给12315举报人家说：现在都是市场经济了，我们也没法管，买的多了自然就会涨，供不应求了嘛 政府全有理，吃亏的还是我们消费者，管控？呵呵（请送我上去谢谢,3640
2020-01-22,https://weibo.cn/comment/hot/IqFiJ2f4g?rl=2,淘宝搜了半圈几乎没找到什么正经经营卖医用外科口罩的卖家，销售者要么刻意模糊产品性能涉嫌销售欺诈，要么涨价几倍甚至近十倍恶意哄抬物价。可能由于有关部门在查这个事，大部分销售者纷纷下架店铺相关商品。希望监管部门也多多关注一下网络销售平台！！！,3275
2020-01-22,https://weibo.cn/comment/hot/IqFiJ2f4g?rl=2,拜托电视上多多宣传吧 还有短信 老人们真的不知道,2212
2020-01-22,https://weibo.cn/comment/hot/IqFiJ2f4g?rl=2,别发国难财,1222
2020-01-22,https://weibo.cn/comment/hot/IqFiJ2f4g?rl=2,别罚太重，毕竟人家只是想赚点钱过年，就罚这些人戴着自已的口罩去隔离病房打扫一下卫生吧！,1238
2020-01-22,https://weibo.cn/comment/hot/IqFs82MCO?rl=2,应该推迟开学吧,13699
2020-01-22,https://weibo.cn/comment/hot/IqFs82MCO?rl=2,高三的还在补课啊！,9278
2020-01-22,https://weibo.cn/comment/hot/IqFs82MCO?rl=2,没想到今年的年货是口罩。 ,8337
2020-01-22,https://weibo.cn/comment/hot/IqFs82MCO?rl=2,武汉那么多大学 真的推迟开学吧 减少人员流动！！！！！！！,3955
2020-01-22,https://weibo.cn/comment/hot/IqFs82MCO?rl=2,推迟开学吧,2597
2020-01-22,https://weibo.cn/comment/hot/IqFs82MCO?rl=2,就算不活动，学校上课，食堂，浴室宿舍都是无法避免的人口密集,1946
2020-01-22,https://weibo.cn/comment/hot/IqFTnDiDn?rl=2,建议大学生推迟开学,112914
2020-01-22,https://weibo.cn/comment/hot/IqFTnDiDn?rl=2,建议全国都推迟,101833
2020-01-22,https://weibo.cn/comment/hot/IqFTnDiDn?rl=2,大学生大学生,49283
2020-01-22,https://weibo.cn/comment/hot/IqFTnDiDn?rl=2,新疆西藏青海中国最后一道防线，大西北给我挺住,27216
2020-01-22,https://weibo.cn/comment/hot/IqFTnDiDn?rl=2,大学生停课 还有武汉的学生回各大高校上学怎么办……,22420
2020-01-22,https://weibo.cn/comment/hot/IqFTnDiDn?rl=2,别的省能不能考虑一下,16635
2020-01-22,https://weibo.cn/comment/hot/IqFTnDiDn?rl=2,大学生从各个地方赶去  更应该重视啊,10501
2020-01-22,https://weibo.cn/comment/hot/IqFTnDiDn?rl=2,高三怎么办啊 我很多朋友艺术生传媒生全都不能参加校考了 可以对湖北考生延期吗 难道眼睁睁看着他们放弃？,7665
2020-01-22,https://weibo.cn/comment/hot/IqHKm9Vds?rl=2,早该如此了…春运都十几天了,6083
2020-01-22,https://weibo.cn/comment/hot/IqHKm9Vds?rl=2,那两个发烧还偷偷跑去上海的人，应该抓起来！可恨的是还发微博炫耀！,2522
2020-01-22,https://weibo.cn/comment/hot/IqHKm9Vds?rl=2,是吗 我认识一个朋友今天刚出武汉 还发了个朋友圈炫耀 “成功出逃” 并说没人查,1332
2020-01-22,https://weibo.cn/comment/hot/IqHKm9Vds?rl=2,关键是有潜伏期，当时查不出来，实际上已经扩散了。突然间爆发的确诊人数就是证据，武汉早就应该封城，现在封已经晚了，何况他还不封。感觉比电影《铁线虫》更可怕，电影里起码还有特效药，而我们现在没有。,666
2020-01-22,https://weibo.cn/comment/hot/IqHKm9Vds?rl=2,严格排查 为什么扬州一女子明知丈夫已确诊新型冠状病毒感染的肺炎还能坐高铁回扬州探亲访友？难道确诊人员的家属不需要隔离观察的吗？,584
2020-01-22,https://weibo.cn/comment/hot/IqHKm9Vds?rl=2,严格一点，不要乱跑！,353
2020-01-22,https://weibo.cn/comment/hot/IqHKm9Vds?rl=2,这就对啦兄弟！如果需要，一定要封城！全国14亿人口的安全呀……,337
2020-01-22,https://weibo.cn/comment/hot/IqzhUd9xt?rl=2,真的可以考虑航班封锁了，武汉是源头啊,4736
2020-01-21,https://weibo.cn/comment/hot/IqzhUd9xt?rl=2,全国各地都有，不要认为自己的城市没有报道出来就是安全，潜在的病号数不胜数，我们要做的是保护好自己。,2785
2020-01-22,https://weibo.cn/comment/hot/IqzhUd9xt?rl=2,这些武汉人好迷啊  全国各地跑  求您们了别瞎跑了成吗  河北一直没有我还庆幸呢  结果一个武汉医学生回保定疑似了  瞎跑什么呢？ ？,2711
2020-01-22,https://weibo.cn/comment/hot/IqzhUd9xt?rl=2,非典那年太小不懂，现在真的会害怕了,1152
2020-01-21,https://weibo.cn/comment/hot/IqzhUd9xt?rl=2,#建议各大学酌情延迟开学日期#,861
2020-01-21,https://weibo.cn/comment/hot/Iqw41d5LA?rl=2,希望走私野生动物和吃野生动物的柴废都早点从地球消失！真是全球人民替你们背锅！,865
2020-01-21,https://weibo.cn/comment/hot/Iqw41d5LA?rl=2,回家过年的会不会传染到东南西北啊，好怕,270
2020-01-21,https://weibo.cn/comment/hot/Iqw41d5LA?rl=2,别再怪武汉了好吗 谁都不希望发生这种事情 难道只有武汉有吃野味的人？？其次也别说是武汉政府瞒着不报 研究需要时间啊 19号试剂盒研究出来了才能快速的确诊啊 何况还有潜伏期 能不能不要张嘴就来？？？你是政府人员了还是干什么了？？？,17
2020-01-21,https://weibo.cn/comment/hot/Iqw41d5LA?rl=2,全都是武汉带出去的[捂脸][捂脸],169
2020-01-21,https://weibo.cn/comment/hot/Iqw41d5LA?rl=2,高度重视，武汉市委行动慢了，隔离措施现在才开始,97
2020-01-21,https://weibo.cn/comment/hot/IqwF8w0cF?rl=2,求求你们，发一些短信提醒吧！！！要不然很多人对疫情都不重视啊！！！呜呜,2394
2020-01-21,https://weibo.cn/comment/hot/IqwF8w0cF?rl=2,发一些短信提醒吧！！！要不然很多人对疫情都不重视啊！！！,1480
2020-01-21,https://weibo.cn/comment/hot/IqwF8w0cF?rl=2,发短信给全国人民吧！！！老人家真的完全不重视！！！！,1146
2020-01-21,https://weibo.cn/comment/hot/IqwF8w0cF?rl=2,三不笑：不笑天灾，不笑人祸，不笑疾病。 三不黑：育人之师，救人之医，护国之军。 ,374
2020-01-21,https://weibo.cn/comment/hot/IqwF8w0cF?rl=2,请确定湖南永州肺炎病例真假性  新闻滚动播放！！！大家多给中老年人宣传一下，现在好多中老年都不相信疫情的严重性！很多人都不知道情况，跟他们普及也听不进去，觉得小题大做，电视多做普及吧，起码引起重视！又逢春运，人流密集，再不重视，不提前预防，更是让人担忧！！！,240
2020-01-21,https://weibo.cn/comment/hot/IqwF8w0cF?rl=2,刚刚不小心看到一个大连说武汉跑出来的病人 没看完就被删了 谁有截图啊？？？,7
2020-01-21,https://weibo.cn/comment/hot/IqwF8w0cF?rl=2,中国移动联通电信赶紧发一下短信提醒吧！！,171
2020-01-21,https://weibo.cn/comment/hot/IqwF8w0cF?rl=2,新闻滚动播放！！！大家多给中老年人宣传一下，现在好多中老年都不相信疫情的严重性！很多人都不知道情况，跟他们普及也听不进去，觉得小题大做，电视多做普及吧，起码引起重视！又逢春运，人流密集，再不重视，不提前预防，更是让人担忧！！！,49
2020-01-21,https://weibo.cn/comment/hot/IqwNexqlO?rl=2,真的要委屈一下武汉市民了 非常时期，非常手段！,1150
2020-01-21,https://weibo.cn/comment/hot/IqwNexqlO?rl=2,为了对武汉人负责和对全国人民负责，请求对武汉先暂时封城，好主要着手对抗病毒肺炎,686
2020-01-21,https://weibo.cn/comment/hot/IqwNexqlO?rl=2,平安啊🙏🙏🙏网商也别在这上面赚钱了，武汉市民们要注意安全！！！,312
2020-01-21,https://weibo.cn/comment/hot/IqwNexqlO?rl=2,“京天成生物”宣布成功研制新型冠状病毒的抗体[强],10
2020-01-21,https://weibo.cn/comment/hot/IqwNexqlO?rl=2,过完年就快开学了 武汉高校众多 建议延期开学！,5
2020-01-21,https://weibo.cn/comment/hot/IqwNexqlO?rl=2,各位姐妹！！！！注意安全！！！！！！！！！！！！！！！！！！！！！！！！！！！！！！！！！！！！！！！！！！！！！！！！！！！！！！！！！！！！！！！！！！！！！！！,130
2020-01-21,https://weibo.cn/comment/hot/Iqx5p0ZcO?rl=2,希望今天的新闻多报道几次，各卫视也滚动播出宣传，短信也发，让中老年人高度重视！！我们跟他们说根本不听！觉得没那么严重,1197
2020-01-21,https://weibo.cn/comment/hot/Iqx5p0ZcO?rl=2,请关注下武汉周边城市好吗？湖北省内宜昌 、襄阳、荆门等等，全国各地海外都有了，然后我所在的城市却毫无消息，人们也不重视。宜昌武汉之间每天光动车就有很多趟，然后却没有媒体、政府关注我们这些小城市！,1097
2020-01-21,https://weibo.cn/comment/hot/Iqx5p0ZcO?rl=2,呼吁！现在能不到武汉去就不去，武汉人能不出来就不出来 非常时期 非常手段,323
2020-01-21,https://weibo.cn/comment/hot/Iqx5p0ZcO?rl=2,在12306上可以退差价么？我今天把票退了还扣除手续费了,28
2020-01-21,https://weibo.cn/comment/hot/Iqx5p0ZcO?rl=2,现在忽悠武汉人能不出来就不出来等多提下拜年的事吗？有些人觉得拜年和出门是两码事，过年一定要串门要团圆,5
2020-01-21,https://weibo.cn/comment/hot/Iqx5p0ZcO?rl=2,我今天才退票,2
2020-01-21,https://weibo.cn/comment/hot/IqxH7wPOe?rl=2,钟南山院士说，没有特殊情况不要去武汉！希望大学如果有可能的话，尽量晚一点开学啊！（把落下的上课时间挪到暑假补也可以啊！）？一定要做好日常防护，消毒措施！过年了，大家还有医护人员都要平平安安的！,1965
2020-01-21,https://weibo.cn/comment/hot/IqxH7wPOe?rl=2,疫情来了想到医生，火灾来了想到消防员，治安不好了想起警察，战争来了想起军人。平时多一点尊重多好！！！,1667
2020-01-21,https://weibo.cn/comment/hot/IqxH7wPOe?rl=2,麻烦！！！安排电信联通移动这些发一下提醒的短信！！！家长老人们的防范意识实在还是太淡薄了！还有很多人不了解带口罩的重要性！！！,181
2020-01-21,https://weibo.cn/comment/hot/IqxH7wPOe?rl=2,各种yxh又开始粘贴一模一样的文案了…,373
2020-01-21,https://weibo.cn/comment/hot/IqxH7wPOe?rl=2,愿天佑我中华🙏🙏,323
2020-01-21,https://weibo.cn/comment/hot/IqxH7wPOe?rl=2,我不敢相信这是主流媒体写的，？病例增多的原因是因为设置更多的发热门诊？意思门诊不多检测出的不多就等于群众没有感染呗？？？这是人日的水平？,21
2020-01-21,https://weibo.cn/comment/hot/IqxH7wPOe?rl=2,就是说，本来就有这么多，是因为技术原因发现的快,16
2020-01-21,https://weibo.cn/comment/hot/IqxUJ8EgQ?rl=2,钟南山院士说，没有特殊情况不要去武汉！过年了，大家还有医护人员都要平平安安的！大家多给中老年人宣传一下，现在好多中老年都不相信疫情的严重性！很多人都不知道情况，跟他们普及也听不进去，觉得小题大做，电视多做普及吧，起码引起重视，又逢春运，人流密集，再不重视，不提前预防，更是让人担忧,657
2020-01-21,https://weibo.cn/comment/hot/IqxUJ8EgQ?rl=2,体现出社会主义制度的优越性,339
2020-01-21,https://weibo.cn/comment/hot/IqxUJ8EgQ?rl=2,@中国移动 大佬，要不咱全国人民发一些相关新闻短信📨，提醒大家注意防范措施，我感觉移动覆盖人群范围应该会特别多的吧。,20
2020-01-21,https://weibo.cn/comment/hot/IqxUJ8EgQ?rl=2,请求新闻滚动播放，加强中老年防护意识。请严格把控口罩价格，打击不良商家特殊时期哄抬物价。希望大家都平安，前线的医生和工作人员都辛苦了。 致敬！武汉加油。,166
2020-01-21,https://weibo.cn/comment/hot/IqxUJ8EgQ?rl=2,1⃣新闻滚动播放，手机通讯三大运营商发短信提醒重视2⃣管控口罩价格，保证口罩供给3⃣注意经过武汉流动人员4⃣给春运工作者发放口罩,133
2020-01-21,https://weibo.cn/comment/hot/IqxUJ8EgQ?rl=2,真正是社会主义好！！,48
2020-01-21,https://weibo.cn/comment/hot/IqxUJ8EgQ?rl=2,真的好怕但是我相信国家,50
2020-01-21,https://weibo.cn/comment/hot/IqxUJ8EgQ?rl=2,请求新闻滚动播放，加强中老年防护意识。请严格把控口罩价格，打击不良商家特殊时期哄抬物价。希望大家都平安，前线的医生和工作人员都辛苦了。 致敬！武汉加油。,45
2020-01-21,https://weibo.cn/comment/hot/IqybMorZQ?rl=2,请求电视滚动播放，联通电信移动发短信，加强中老年防护意识，让大家都重视起来，有症状及时就医，不要抱侥幸心理!!!,1674
2020-01-21,https://weibo.cn/comment/hot/IqybMorZQ?rl=2,真把人急死了  跟我爸妈说新型冠状病毒啥啥啥啥的 买几个口罩备着 他们说他们身体硬着呢？？？？？你们身体硬我的不硬啊 真想摁着他们的头给我麻溜的戴口罩😤😤,832
2020-01-21,https://weibo.cn/comment/hot/IqybMorZQ?rl=2,钟南山院士说，没有特殊情况不要去武汉！过年了，大家还有医护人员都要平平安安的！大家多给中老年人宣传一下，现在好多中老年都不相信疫情的严重性！很多人都不知道情况，跟他们普及也听不进去，觉得小题大做，电视多做普及吧，起码引起重视，又逢春运，人流密集，再不重视，不提前预防，更是让人担忧,679
2020-01-21,https://weibo.cn/comment/hot/IqybMorZQ?rl=2,柳叶刀新年第一篇《Protect Chinese doctors》，就问一句，丢不丢人？,6
2020-01-21,https://weibo.cn/comment/hot/IqybMorZQ?rl=2,希望接下来都是好消息。武汉加油,222
2020-01-21,https://weibo.cn/comment/hot/IqyHisK4l?rl=2,武汉加油！我们一起加油！,113876
2020-01-21,https://weibo.cn/comment/hot/IqyHisK4l?rl=2,武汉加油！⛽️大家都辛苦了🙏🙏,88916
2020-01-21,https://weibo.cn/comment/hot/IqyHisK4l?rl=2,你能！我能！武汉能！,71767
2020-01-21,https://weibo.cn/comment/hot/IqyHisK4l?rl=2,武汉加油！！！肯定能平安度过,55998
2020-01-21,https://weibo.cn/comment/hot/IqyHisK4l?rl=2,加油武汉,40499
2020-01-21,https://weibo.cn/comment/hot/IqyHisK4l?rl=2,武汉加油[加油]🙏,34055
2020-01-21,https://weibo.cn/comment/hot/IqyHisK4l?rl=2,加油加油！冲冲冲！！！很快就会好起来的！,17540
2020-01-21,https://weibo.cn/comment/hot/IqyHisK4l?rl=2,武汉加油💪,14208
2020-01-21,https://weibo.cn/comment/hot/Iqz6ikCxz?rl=2,请不要发国难财,33559
2020-01-21,https://weibo.cn/comment/hot/Iqz6ikCxz?rl=2,我现在什么都不恨，就恨那些吃野生动物的逼人，恨我一个堂堂正正的当代人为什么要和这种野蛮人生活在一个世界。 ,24826
2020-01-21,https://weibo.cn/comment/hot/Iqz6ikCxz?rl=2,三大通讯运营商 发信息提示提示吧！好多人不玩微博的  特别是年纪大的人。我认为真的很有必要！我家人亲戚朋友都是我一个一个转告的 这样真的很麻烦 希望能发下 感谢你们 拜托了@中国移动@中国联通@中国电信🙏🏿,8072
2020-01-21,https://weibo.cn/comment/hot/Iqz6ikCxz?rl=2,看看淘宝上卖n95的 你说过年了把工人重新召回适当涨价完全可以理解但是别你🐎太离谱 发国难财给自己买棺材吗,6415
2020-01-22,https://weibo.cn/comment/hot/Iqz6ikCxz?rl=2,广东政府真的👌，每次各地有什么事最先行动的都是广东,3744
2020-01-21,https://weibo.cn/comment/hot/Iqz6ikCxz?rl=2,市监局加油！,992
2020-01-21,https://weibo.cn/comment/hot/Iqz6ikCxz?rl=2,发国难财的人没有心！！！,1044
2020-01-21,https://weibo.cn/comment/hot/IqvyXd1px?rl=2,新闻滚动播放！！！！谢谢！！！,107281
2020-01-21,https://weibo.cn/comment/hot/IqvyXd1px?rl=2,现在人口流动大，大家还是多注意点从武汉回来的人(没有歧视武汉的意思)武汉人民 出门戴口罩 保护好自己,61711
2020-01-21,https://weibo.cn/comment/hot/IqvyXd1px?rl=2,能不能请求管理一下口罩价格啊，都天价了，这样发疫情财也太过分了吧！！！！,20610
2020-01-21,https://weibo.cn/comment/hot/IqvyXd1px?rl=2,相信国家 相信医务工作人员,14757
2020-01-21,https://weibo.cn/comment/hot/IqvyXd1px?rl=2,支持，尽量让高铁啥的工作人员都带口罩,14837
2020-01-21,https://weibo.cn/comment/hot/IqvyXd1px?rl=2,请加大宣传力度！！我爸不信非说是卖口罩的炒作！谢谢！相信国家,12485
2020-01-21,https://weibo.cn/comment/hot/IqvyXd1px?rl=2,建议各个电信运营商全覆盖发短信通知,11625
2020-01-21,https://weibo.cn/comment/hot/IqvyXd1px?rl=2,那些说什么只有武汉人自己不知道自己被隔离了的憨批 这种抖机灵真的是让人作呕,10356
2020-01-19,https://weibo.cn/comment/hot/IqeHFBHGS?rl=2,希望大家都能平平安安,17020
2020-01-19,https://weibo.cn/comment/hot/IqeHFBHGS?rl=2,加油找源头，谢谢🙏,11768
2020-01-19,https://weibo.cn/comment/hot/IqeHFBHGS?rl=2,这就好了！最近每天每时每刻都在密切关注这一事态发展，终于放心了！,3027
2020-01-19,https://weibo.cn/comment/hot/IqeHFBHGS?rl=2,嗯嗯收到大家出门注意防护！！！,2595
2020-01-19,https://weibo.cn/comment/hot/IqeHFBHGS?rl=2,评论的抖机灵能不能适度一点啊？条新闻说的是武汉肺炎，这么严肃的事情拿来抖机灵？,3287
2020-01-19,https://weibo.cn/comment/hot/IqeHFBHGS?rl=2,那些老是刷g的人有意思吗？哪件事更重要自己不清楚？你们已经把这件事变成一个可以博点赞的梗而不是所谓的让大众不要遗忘这个新闻？！天天在不相关尤其是这种很重要的事情下面刷真的很烦啊,2008
2020-01-19,https://weibo.cn/comment/hot/IqeHFBHGS?rl=2,不信，不传，继续开大G,884
2020-01-19,https://weibo.cn/comment/hot/IqbaTDCNU?rl=2,故宫也请看管严查,1066
2020-01-19,https://weibo.cn/comment/hot/IqbaTDCNU?rl=2,热搜速删，官媒降温。已有人对网友在无关新闻下刷“故宫大G女”做法表示“愤怒与鄙视”…然而如此公然炫耀特权，挑战公序良知，践踏公共规则的不齿行为，没有责任人，没有具体惩戒，轻轻巧巧几句道歉就想掩尽天下人耳目糊弄过去，如果再连民众通过网络刷一下的发声权利都禁止，类似恶例只会层出不穷！,675
2020-01-19,https://weibo.cn/comment/hot/IqbaTDCNU?rl=2,我看成何刚了，对不起,725
2020-01-19,https://weibo.cn/comment/hot/IqbaTDCNU?rl=2,以前去故宫，看到地砖的残破，仿佛看到中华民族数千年来，筚路蓝缕，苦难行军深深感受到了历史的厚重，现在才知道，原来是被周一的奔驰大G碾压的[社会社会][社会社会],92
2020-01-19,https://weibo.cn/comment/hot/IqbaTDCNU?rl=2,中福在线求彻查！我的微博第一个视频,304
2020-01-20,https://weibo.cn/comment/hot/IqhJNhtXg?rl=2,好吓人 一晚上刷到仨,657
2020-01-20,https://weibo.cn/comment/hot/IqhJNhtXg?rl=2,1.出门戴口罩，勤洗手  2.咳嗽或打喷嚏时捂住口鼻  3.将肉蛋彻底做熟  4. 避免与呼吸道感染患者密切接触  5.避免近距离接触野生动物或活牲畜  6.不要随地吐痰！ 7. 不要去人多的地方凑热闹！,579
2020-01-20,https://weibo.cn/comment/hot/IqhJNhtXg?rl=2,确诊不可怕，能控制疫情不大规模扩散就好,253
2020-01-20,https://weibo.cn/comment/hot/IqhJNhtXg?rl=2,"不怕,病毒来了，广东人把它给吃了， ，",20
2020-01-20,https://weibo.cn/comment/hot/IqhJNhtXg?rl=2,麻烦报道一下b站曝光中福在线事件,215
2020-01-20,https://weibo.cn/comment/hot/IqhJNhtXg?rl=2,控制住！提醒家人朋友出门戴口罩啊！！！！！！！！！！！！,52
2020-01-20,https://weibo.cn/comment/hot/IqhJNhtXg?rl=2,小编快睡觉了🙏🙏,36
2020-01-20,https://weibo.cn/comment/hot/IqhJNhtXg?rl=2,希望尽快能控制好啊,28
2020-01-20,https://weibo.cn/comment/hot/IqmyrEsiq?rl=2,朝阳医院的医生,33820
2020-01-20,https://weibo.cn/comment/hot/IqmyrEsiq?rl=2,朝阳医院！！,17943
2020-01-20,https://weibo.cn/comment/hot/IqmyrEsiq?rl=2,说真的那些吃野生动物的怎么一点记性没有？当初非典也是这帮人，现在武汉肺炎又是这帮人，真是自讨苦吃也就算了，还要祸害整个人类族群，吃的时候满足自己口腹，却要整个人类帮着还债。,7790
2020-01-20,https://weibo.cn/comment/hot/IqmyrEsiq?rl=2,快G年了。大家注意安全,2615
2020-01-20,https://weibo.cn/comment/hot/IqoiCa5iv?rl=2,请大家善待医护人员，他们真的不容易，请不要拿医生来泄愤!!!每次治疗都是一场战斗，医生都是义无反顾的在第一线，用生命和病毒抗争，医生应该受到大家尊解和理解!,2440
2020-01-20,https://weibo.cn/comment/hot/IqoiCa5iv?rl=2,请不要再伤害医护人员了请不要再伤害医护人员了请不要再伤害医护人员了,1439
2020-01-20,https://weibo.cn/comment/hot/IqoiCa5iv?rl=2,辽宁挺住，这个咱们不上榜,318
2020-01-20,https://weibo.cn/comment/hot/IqoiCa5iv?rl=2,sars已经是快17年前的事情了，相信一点中国医学技术吧，做好防护就可以了，别在网上搞得那么恐慌，也别逼武汉人恐慌,176
2020-01-20,https://weibo.cn/comment/hot/IqoiCa5iv?rl=2,春运期间？？好可怕,114
2020-01-20,https://weibo.cn/comment/hot/IqoycpfWU?rl=2,预防千万条，口罩第一条。不往人群挤，病毒不缠你。洗手很重要，胜过吃补药。通风也要紧，疾病无踪影。,761
2020-01-20,https://weibo.cn/comment/hot/IqoycpfWU?rl=2,正值春运期间，万一病毒有爆发迹象，建议能够延长春节假期，推迟春节返程客流。,709
2020-01-20,https://weibo.cn/comment/hot/IqoycpfWU?rl=2,唉 一边是肺炎 一边是病人的砍刀,521
2020-01-20,https://weibo.cn/comment/hot/IqoycpfWU?rl=2,年轻人已经非常有意识知道防范了，可是爸爸妈妈年纪的还很缺乏，希望新闻联播多播播,12
2020-01-20,https://weibo.cn/comment/hot/IqoycpfWU?rl=2,大家一定要注意勤洗手，不要去人多的地方🙏🙏🙏,115
2020-01-20,https://weibo.cn/comment/hot/IqoycpfWU?rl=2,上午说了句封锁武汉，招来一堆骂。说不现实，有困难。非典时期可是封锁全国各地。现在好了，扩散了吧,101
2020-01-20,https://weibo.cn/comment/hot/IqoycpfWU?rl=2,真的不排除人传人啊，大家记得戴口罩啊，注意防范,70
2020-01-20,https://weibo.cn/comment/hot/IqpJvqseJ?rl=2,天呐  要注意安全啊 白衣天使,8659
2020-01-20,https://weibo.cn/comment/hot/IqpJvqseJ?rl=2,请不要再伤害医护人员请不要再伤害医护人员请不要再伤害医护人员,5954
2020-01-20,https://weibo.cn/comment/hot/IqpJvqseJ?rl=2,钟南山访问要点： 1、确认可以人传人，基于武汉和广东案例。 2、有医务人员被传染。 3、源头目前不清楚，但可能是竹鼠、獾这种野生动物（尽量别去碰野味）。 4、有发热及时就医。 5、买不到N95，普通口罩也可以起到阻止飞沫传播的作用（该戴口罩戴口罩,4385
2020-01-20,https://weibo.cn/comment/hot/IqpJvqseJ?rl=2,前有肆虐的病毒 后有病人的砍刀 为所有奋斗在前线的医护人员祈祷,3047
2020-01-20,https://weibo.cn/comment/hot/IqpJvqseJ?rl=2,别扩大范围了，在武汉别出了，没在武汉别进了,1502
2020-01-20,https://weibo.cn/comment/hot/IqpJvqseJ?rl=2,希望试剂可以发到全国各个城市，不论发达还是落后。越是落后的省份危机越大，大家防范意识弱，或消息闭塞，医疗不发达无法确诊较多。希望国家给每一个省份发相关试剂，拜托!很多农民工都是从发达城市包括武汉返乡过年，希望重视!,1127
2020-01-20,https://weibo.cn/comment/hot/IqpJvqseJ?rl=2,我是武汉人 我今天出门的时候大多数人都带了口罩 我的家人同学也都是尽量不出门的 我们也不想发生这种事 所以那些地域黑 的给我闭嘴🙃,843
2020-01-20,https://weibo.cn/comment/hot/IqpJvqseJ?rl=2,只有钟南山院士出来说话 大家才相信 才踏实！希望我们医护人员平安！,620
2020-01-21,https://weibo.cn/comment/hot/IqsLy4dW6?rl=2,电视上也要滚动播报啊，父母根本不重视，很多人都不知道情况，跟他们普及也听不进去，觉得小题大做，电视多做普及吧，起码引起重视,59872
2020-01-21,https://weibo.cn/comment/hot/IqsLy4dW6?rl=2,预防千万条，口罩第一条。健康第一位，不要吃野味。不往人群挤，病毒不缠你。洗手很重要，胜过吃补药。通风也要紧，疾病无踪影。,30221
2020-01-21,https://weibo.cn/comment/hot/IqsLy4dW6?rl=2,看到武汉一年轻护士被调征去隔离医院工作后心情的微博，我非常理解，每当遇到人人自危的传染病，医护人员总是要冲在第一线，他们也会怕。  我们要敬畏他们的职业，希望永远不要再出现伤害医生的事件了，否则没人愿意当医生，没人考医学院，水平高的医生也会到国外工作，那时候我们只有绝望。,22259
2020-01-21,https://weibo.cn/comment/hot/IqsLy4dW6?rl=2,感谢钟南山院士，80多岁的老人，在病情发展的危急时刻，再一次挂帅出征，相信我们的国家，相信医疗团队，早日找出传染源，彻底根治，希望所有的朋友们都开开心心，平平安安过大年。。。。。,7604
2020-01-21,https://weibo.cn/comment/hot/IqsLy4dW6?rl=2,戴口罩出门🙏🙏🙏,6891
2020-01-21,https://weibo.cn/comment/hot/IqsLy4dW6?rl=2,现在国家比我们还着急，新病毒感染途径和特征需要时间去研究，我们需要做的是：  1、没有特殊情况，老老实实家里呆着 2、命比过年重要，实在不行就异地过个年 3、不要侥幸，认真按照专家的话做好防御 4、相信我们国家的实力，17年前我们能打败非典，现在更能。,6675
2020-01-21,https://weibo.cn/comment/hot/IqsLy4dW6?rl=2,千万别有事没事往人多的地方跑，出门务必带口罩，勤洗手，按时作息，生活规律，注意饮食（不要暴饮暴食），加强锻炼，别感冒！别感冒！别感冒！感冒自身免疫力会下降～～～,3669
2020-01-21,https://weibo.cn/comment/hot/IqsLy4dW6?rl=2,这个就有点严重了，甲类只有两个，鼠疫、霍乱。乙类安装甲类管理的有，炭疽，非典，禽流感，（脊髓灰质炎）,2868
2020-01-21,https://weibo.cn/comment/hot/IqsLy4dW6?rl=2,控制输出输入很重要。一定要在全国特别是武汉加强宣传，落实火车站和机场的筛查检测。病毒有潜伏期，春运期间疫情扩大是肯定的，但强有力的控制可以降低疫情上升高度。春运前没有采取严格的口岸检查，现在开始也不晚。严阵以待才会避免疫情爆发，降低疫情扩散速度。,2395
2020-01-21,https://weibo.cn/comment/hot/IqsLy4dW6?rl=2,各大火车站那点人根本控不住几亿人，测温仪器也不够。百姓现在都沉浸在春节的喜庆中，没人去在意这个了，特别是老人家。前面对病毒的弱化宣传已经先入为主的让大部分人不以为然，个个事不关己高高挂起,2210
2020-01-21,https://weibo.cn/comment/hot/Iqtn545sR?rl=2,钟南山：没有特殊情况就不要去武汉了，换个意思：没有特殊情况就不要离开武汉了。,4083
2020-01-21,https://weibo.cn/comment/hot/Iqtn545sR?rl=2,保护好医护人员 他可能是逆行的天使,2479
2020-01-21,https://weibo.cn/comment/hot/Iqtn545sR?rl=2,①出门最好戴口罩勤洗手 ‼️ ②咳嗽或打喷嚏时捂住口鼻避免唾液飞溅‼️ ③将肉类蛋类禽类彻底煮熟‼️ ④避免与呼吸道感染者接触 ‼️ ⑤避免近距离接触野生动物和活牲畜‼️‼️ ⑥不要随地吐痰 ‼️ ⑦尽量避免去人多的地方‼️ ⑧有发热咳嗽现象一定要及时就医不要拖‼️ ⑨不要食用野味‼️,967
2020-01-21,https://weibo.cn/comment/hot/Iqtn545sR?rl=2,现在国家比我们还着急，新病毒感染途径和特征需要时间去研究，我们需要做的是：  1、没有特殊情况，老老实实家里呆着 2、命比过年重要，实在不行就异地过个年 3、不要侥幸，认真按照专家的话做好防御 4、相信我们国家的实力，17年前我们能打败非典，现在更能。,845
2020-01-21,https://weibo.cn/comment/hot/Iqtn545sR?rl=2,处理疫情的方式，这么多年了，没丝毫改变！一点不长记性——上个星期还“已经有效控制”，形势一片大好，街头巷尾一团祥和气氛，诸如火车站等人流密集的地方连一点基本的防控措施都没有…像极了当年非典疫情爆发初期我在广东顺德所亲眼见证到的情形。,737
2020-01-21,https://weibo.cn/comment/hot/Iqtn545sR?rl=2,一定要重视啊 武汉的朋友们！,330
2020-01-15,https://weibo.cn/comment/hot/IpyuNsHyO?rl=2,出门注意安全，戴好口罩,138
2020-01-15,https://weibo.cn/comment/hot/IpyuNsHyO?rl=2,无论怎么说，这次相比非典，更加开放透明高效。,86
2020-01-15,https://weibo.cn/comment/hot/IpyuNsHyO?rl=2,未发现人传人一一>未明确发现人传人一一>不排除人传人可能一一>持续人传人可能性低。,63
2020-01-15,https://weibo.cn/comment/hot/IpyuNsHyO?rl=2,注意预防。,40
2020-01-15,https://weibo.cn/comment/hot/IpyuNsHyO?rl=2,好好做好预防措施,21
2020-01-15,https://weibo.cn/comment/hot/IpyuNsHyO?rl=2,武汉得好好查查来源，那菜场究竟有什么导致这些人发病。不要治好病就完事了，要追根究底才能结后患,26
2020-01-15,https://weibo.cn/comment/hot/IpyuNsHyO?rl=2,大多数病例与华南海鲜批发市场暴露相关，少数病例否认有华南海鲜批发市场暴露史，个别病例曾接触过类似病例。跟吃海鲜有关系吗？,20
2019-12-31,https://weibo.cn/comment/hot/Injjdmmx1?rl=2,开玩笑，这都2020年了，武汉诶，中部大城市，文中的几个机构单位都是佼佼者，大家真不必惊慌，而且官方反应已经很迅速了，给我大武汉点赞,3157
2019-12-31,https://weibo.cn/comment/hot/Injjdmmx1?rl=2,突然想起了当年的非典，我工作在一线，天气热，穿着特制隔离衣，每天都全身湿透，我们那边疫情不严重，所以也没感觉多吓人，直到后面全部都稳定后，跟同行交流时才发现自己曾经离死那么近,1885
2019-12-31,https://weibo.cn/comment/hot/Injjdmmx1?rl=2,说实话就算是非典，恐慌有什么用，该做好防预就做好防预，少去人流密集的地方,1589
2019-12-31,https://weibo.cn/comment/hot/Injjdmmx1?rl=2,希望一切都好，一切以官方为准！！,508
2019-12-31,https://weibo.cn/comment/hot/Injjdmmx1?rl=2,不信谣不造谣不传谣！！！愿一切平安！！！,347
2019-12-31,https://weibo.cn/comment/hot/Injjdmmx1?rl=2,祝武汉的父老乡亲平平安安,365
2019-12-31,https://weibo.cn/comment/hot/Injjdmmx1?rl=2,没有人传染的 一下子有27个，这个结果太不令人信服了,9
2020-01-03,https://weibo.cn/comment/hot/InMVu0WYx?rl=2,天哪！医护人员也要注意安全！大家都平平安安！,8525
2020-01-03,https://weibo.cn/comment/hot/InMVu0WYx?rl=2,感觉宣布消息挺及时的,5513
2020-01-03,https://weibo.cn/comment/hot/InMVu0WYx?rl=2,好严重啊，愿平安🙏,2304
2020-01-03,https://weibo.cn/comment/hot/InMVu0WYx?rl=2,还没查出病因，看来是新的病毒了,1924
2020-01-03,https://weibo.cn/comment/hot/InMVu0WYx?rl=2,没查明原因之前，建议封锁武汉，进出要进行检查身体,1016
2020-01-03,https://weibo.cn/comment/hot/InMVu0WYx?rl=2,之前说21，现在说44，严重了,645
2020-01-03,https://weibo.cn/comment/hot/InMVu0WYx?rl=2,赶快把抓别人造谣的八个人放了，古代还可以风闻言事呢！现在到底是什么年代？,558
2020-01-03,https://weibo.cn/comment/hot/InMVu0WYx?rl=2,感觉这次通报还是有点儿被舆论压迫的通报，确实是感染人数增加了，而传染途径，感染源也没找到，具体的治疗方法不明确，没有治愈病历反倒是重症人数增加了，最关键的是没有告知群众要如何有效的防护，希望每天通报而不是四天才知道官方的消息。,566
2020-01-11,https://weibo.cn/comment/hot/IoWcBwB0d?rl=2,新型病毒🦠！有点可怕😱,55
2020-01-21,https://weibo.cn/comment/hot/IoWcBwB0d?rl=2,王主任自己已经中招。。。一语成畿,61
2020-01-11,https://weibo.cn/comment/hot/IoWcBwB0d?rl=2,现在我们这里随处可见的口罩，希望病毒能早点清除,30
2020-01-11,https://weibo.cn/comment/hot/IoWcBwB0d?rl=2,祖国越是发展壮大，配套监管越要加强，科技与“魑魅魍魉”从未分开过，忘我之心有些国家从来就没有灭过🙏,22
2020-01-21,https://weibo.cn/comment/hot/IoWcBwB0d?rl=2,10天后，再看当初？,24
2020-01-11,https://weibo.cn/comment/hot/IoXuCg8QS?rl=2,愿平安健康🙏,133
2020-01-11,https://weibo.cn/comment/hot/IoXuCg8QS?rl=2,阅，事件描述清晰，思路明确。,58
2020-01-11,https://weibo.cn/comment/hot/IoXuCg8QS?rl=2,没想到会有人死亡，希望大家都平安🙏🙏🙏,44
2020-01-11,https://weibo.cn/comment/hot/IoXuCg8QS?rl=2,不信谣不传谣  早发现早治疗  大家平平安安,31
2020-01-11,https://weibo.cn/comment/hot/IoXuCg8QS?rl=2,其实只要及时通报，就不会引起恐慌的。,28
